Date,Title,Source
2025-09-29T05:05:13Z,Space Stocks To Add to Your Watchlist ‚Äì September 27th,ETF Daily News
2025-09-29T02:46:59Z,India roundup: Taiwan deepens trade links with fast-growing India,Digitimes
2025-09-29T02:00:04Z,Strengthening ties with the UK,Globalsecurity.org
2025-09-29T01:59:30Z,"The United Kingdom does not stand up for one nation's rights, whilst ignoring others. But acts resolutely, with the UN Charter as our compass: UK National Statement at the UN General Assembly",Globalsecurity.org
2025-09-29T00:29:59Z,"West¬†Deputy Premier: strategy, interventions¬†key to¬†health¬†success - Solomon Star News",Solomonstarnews.com
2025-09-29T00:00:00Z,How To Index and Slice Strings in Python,Digitalocean.com
2025-09-28T22:59:45Z,"Honeywell International Inc. (HON) Posts Strong Q2 Earnings, Advances Aerospace and Quantum Tech",Biztoc.com
2025-09-28T22:43:04Z,"Honeywell International Inc. (HON) Posts Strong Q2 Earnings, Advances Aerospace and Quantum Tech",Yahoo Entertainment
2025-09-28T05:58:51Z,"Hon Hai Precision Industry Co., Ltd. Sponsored GDR (OTCMKTS:HNHPF) & Stardust Power (NASDAQ:SDST) Financial Survey",ETF Daily News
2025-09-28T05:00:37Z,"Foxconn Workers Faced Tough Conditions During Rush to Make iPhone 17, Labour Group Says",Ndtvprofit.com
2025-09-27T14:55:42Z,UBS Reiterates Its ‚ÄòBuy‚Äô Rating on Honeywell International Inc. (HON) with a $268 Price Target,Biztoc.com
2025-09-27T14:45:27Z,UBS Reiterates Its ‚ÄòBuy‚Äô Rating on Honeywell International Inc. (HON) with a $268 Price Target,Yahoo Entertainment
2025-09-27T08:58:17Z,We must all keep alive the principles of multilateralism: UK Statement at the G20 Foreign Ministers' meeting.,Globalsecurity.org
2025-09-26T17:29:33Z,We must all keep alive the principles of multilateralism: UK Statement at the G20 Foreign Ministers‚Äô meeting.,Www.gov.uk
2025-09-26T15:18:30Z,Jim Cramer Says Honeywell is ‚ÄúPart of a Whole Cohort of Industrials That Just Keeps Going Down‚Äù,Yahoo Entertainment
2025-09-26T14:50:15Z,Honeywell International Inc. (HON) Raises $600M for Quantum Arm Quantinuum at $10B Valuation,Biztoc.com
2025-09-26T14:26:40Z,Honeywell International Inc. (HON) Raises $600M for Quantum Arm Quantinuum at $10B Valuation,Yahoo Entertainment
2025-09-26T08:07:06Z,"Foxconn workers faced tough conditions during rush to make iPhone 17, labour group says",The Times of India
2025-09-26T05:01:35Z,Promising Industrial Stocks To Watch Today ‚Äì September 24th,ETF Daily News
2025-09-26T01:49:43Z,"The United Kingdom does not stand up for one nation‚Äôs rights, whilst ignoring others. But acts resolutely, with the UN Charter as our compass: UK National Statement at the UN General Assembly",Www.gov.uk
2025-09-25T08:00:58Z,"Comparing Hon Hai Precision Industry Co., Ltd. Sponsored GDR (OTCMKTS:HNHPF) & Brother Industries (OTCMKTS:BRTHY)",ETF Daily News
2025-09-25T02:30:30Z,We must ensure AI strengthens peace and security: UK Statement at the UN Security Council,Globalsecurity.org
2025-09-25T00:24:46Z,Taiwan deepens trade links with fast-growing India at New Delhi industry expo,Digitimes
"Mon, 29 Sep 2025 15:50:31 GMT",Hon vs. Ostapenko | Round of 64 China Open 2025 - WTA Tennis,WTA Tennis
"Mon, 29 Sep 2025 23:46:01 GMT",Liquidity Mapping Around (HON) Price Events - news.stocktradersdaily.com,news.stocktradersdaily.com
"Sun, 28 Sep 2025 22:43:04 GMT","Honeywell International Inc. (HON) Posts Strong Q2 Earnings, Advances Aerospace and Quantum Tech - Yahoo Finance",Yahoo Finance
"Fri, 26 Sep 2025 13:27:29 GMT","Jane Batten HON ‚Äô17, L.H.D. ‚Äô19 to be 2025 Homecoming Grand Marshal - W&M News",W&M News
"Mon, 29 Sep 2025 11:16:02 GMT",UBS Reiterates Its ‚ÄòBuy‚Äô Rating on Honeywell International Inc. (HON) with a $268 Price Target - MSN,MSN
"Mon, 29 Sep 2025 04:00:00 GMT",Hon. Melbourne R Moran Jr.: What the barbershop can teach us - UnionLeader.com,UnionLeader.com
"Mon, 29 Sep 2025 13:15:20 GMT",FANA's Ambassador Hon. Dr Raja Seevan and Gov't of India Collaborate to bring AI to India - Daily Kos,Daily Kos
"Mon, 29 Sep 2025 10:23:00 GMT","Madame Secretary: Hon. Shirley N. Weber Reflects on Voting Rights, First Year in Office - Post News Group",Post News Group
"Mon, 29 Sep 2025 10:42:17 GMT","Nova R Wealth Inc. Purchases Shares of 1,547 Honeywell International Inc. $HON - MarketBeat",MarketBeat
"Sun, 28 Sep 2025 08:25:47 GMT",Bencic vs. Hon | Round of 32 China Open 2025 - WTA Tennis,WTA Tennis
"Sun, 28 Sep 2025 22:59:56 GMT","Honeywell International Inc. (HON) Posts Strong Q2 Earnings, Advances Aerospace and Quantum Tech - MSN",MSN
"Mon, 29 Sep 2025 15:38:02 GMT",(HON) as a Liquidity Pulse for Institutional Tactics - news.stocktradersdaily.com,news.stocktradersdaily.com
"Sat, 27 Sep 2025 13:52:01 GMT",A Fresh Look at Honeywell (HON) Valuation After Recent Share Price Cooling - Yahoo Finance,Yahoo Finance
"Mon, 29 Sep 2025 10:24:06 GMT",Honeywell International Inc. $HON Stake Increased by GC Wealth Management RIA LLC - MarketBeat,MarketBeat
"Sun, 28 Sep 2025 19:55:14 GMT","Bencic escapes Hon from 6-4, 3-1 down to reach Beijing last 16 - WTA Tennis",WTA Tennis
"Sat, 27 Sep 2025 11:00:17 GMT",Honeywell International Inc. (NASDAQ:HON) is favoured by institutional owners who hold 78% of the company - Yahoo Finance,Yahoo Finance
"Sun, 28 Sep 2025 08:28:09 GMT",Hon vs. Golubic | Round of 128 China Open 2025 - WTA Tennis,WTA Tennis
"Fri, 26 Sep 2025 14:26:40 GMT",Honeywell International Inc. (HON) Raises $600M for Quantum Arm Quantinuum at $10B Valuation - Yahoo Finance,Yahoo Finance
"Fri, 26 Sep 2025 14:36:18 GMT","HON‚Äôs New Etch Chair Combines Flexibility, Function And Style - Facility Executive Magazine",Facility Executive Magazine
"Thu, 25 Sep 2025 19:19:00 GMT","Chinese Ambassador to Ghana Tong Defa Meets with Hon. Muntaka Mohammed-Mubarak, Minister for the Interior - fmprc.gov.cn",fmprc.gov.cn
"Tue, 30 Sep 2025 04:36:54 GMT",Make UK appoints the Rt Hon Robert Halfon to lead Policy and External Affairs work - Process and Control Today,Process and Control Today
"Sat, 27 Sep 2025 14:57:51 GMT",Mladenovic/Zhang vs. Hon/Muchova | Round of 32 China Open 2025 - WTA Tennis,WTA Tennis
"Sun, 28 Sep 2025 12:09:24 GMT",Honeywell International Inc. $HON Shares Sold by Sonora Investment Management Group LLC - MarketBeat,MarketBeat
"Sat, 27 Sep 2025 15:19:28 GMT","Statement by The Rt Hon David Lammy, Lord Chancellor and Secretary of State for Justice and Deputy Prime Minister, at the UN General Assembly General Debate of the 80th Session - The America Times",The America Times
"Fri, 26 Sep 2025 20:07:25 GMT",Honeywell (HON) Raises Annual Dividend 5.3% to $1.19; 0.6% Yield - StreetInsider,StreetInsider
"Fri, 26 Sep 2025 17:13:54 GMT",Cocciaretto vs. Hon | Qualifying China Open 2025 - WTA Tennis,WTA Tennis
"Fri, 26 Sep 2025 08:58:00 GMT","Chinese Ambassador to Ghana Tong Defa Meets with Hon. Abla Dzifa Gomashie, Minister for Tourism, Culture and Creative Arts_Ministry of Foreign Affairs of the People's Republic of China - mfa.gov.cn",mfa.gov.cn
"Fri, 26 Sep 2025 20:37:07 GMT","Bencic vs. Hon Prediction at the China Open ‚Äì Saturday, September 27 - Bleacher Nation",Bleacher Nation
"Fri, 26 Sep 2025 07:00:00 GMT","Menzies Campbell, The Rt Hon. the Lord Campbell of Pittenweem CH CBE KC FRSE - 1941-2025 - Royal United Services Institute",Royal United Services Institute
"Fri, 26 Sep 2025 14:15:07 GMT",Hon the ball again: Aussie earns big win at China Open - Yahoo News Australia,Yahoo News Australia
"Sat, 27 Sep 2025 10:42:33 GMT",Cove Private Wealth LLC Grows Stock Position in Honeywell International Inc. $HON - MarketBeat,MarketBeat
"Sat, 27 Sep 2025 10:40:18 GMT",Honeywell International Inc. $HON Shares Acquired by NovaPoint Capital LLC - MarketBeat,MarketBeat
"Fri, 26 Sep 2025 21:37:59 GMT",Honeywell (HON) Boosts Dividend by 5.3% to $1.19 Per Share - GuruFocus,GuruFocus
"Sat, 27 Sep 2025 10:40:18 GMT",Ipswich Investment Management Co. Inc. Decreases Position in Honeywell International Inc. $HON - MarketBeat,MarketBeat
"Fri, 26 Sep 2025 12:41:37 GMT",OFBJP-USA NJ Chapter Celebrates 75th Birthday of Hon‚Äôble Prime Minister Mr. Narendra Modi with Enthusiasm and Community Spirit - The Indian Panorama,The Indian Panorama
"Sat, 27 Sep 2025 10:40:18 GMT","Paragon Capital Management Ltd Has $927,000 Position in Honeywell International Inc. $HON - MarketBeat",MarketBeat
"Mon, 29 Sep 2025 13:38:49 GMT","Governance, Migration and Order: Hon. Muntaka Mubarak‚Äôs Challenge in Navigating Migrant Movement in Ghana - Modern Ghana",Modern Ghana
"Thu, 25 Sep 2025 07:32:52 GMT",Hon Hai Precision adjusts share exchange record date with TECO - Investing.com,Investing.com
"Fri, 26 Sep 2025 07:34:00 GMT",Hon Hai Adjusts Share Exchange Date with TECO to Boost AI Data Center Strategy - The Globe and Mail,The Globe and Mail
"Fri, 26 Sep 2025 11:03:20 GMT","Cox Capital Mgt LLC Purchases 4,587 Shares of Honeywell International Inc. $HON - MarketBeat",MarketBeat
"Sun, 28 Sep 2025 12:28:03 GMT",Delegation of Ivorian Doctors Visits the Hon. Consulate of Ivory Coast in Karachi - Biz Today,Biz Today
"Thu, 25 Sep 2025 15:25:00 GMT","Noteworthy ETF Inflows: IVE, GILD, PFE, HON - Nasdaq",Nasdaq
"Sat, 27 Sep 2025 03:28:41 GMT",Honeywell International Inc. (NASDAQ:HON) Plans Dividend Increase - $1.19 Per Share - MarketBeat,MarketBeat
"Sun, 28 Sep 2025 00:28:38 GMT","WTA Beijing ‚Äî 3rd Round (Hard) Belinda Bencic vs Priscilla Hon üß† Form & Context Belinda Bencic (üá®üá≠ #16) Rusty start but handled it: came from a break down in both sets to beat Volynets 6‚Äì3, 6‚Äì3. Post-return arc is legit: Abu Dhabi champion, Wimbledon S - X",X
"Fri, 26 Sep 2025 11:03:19 GMT",Honeywell International Inc. $HON Stock Holdings Increased by Randolph Co Inc - MarketBeat,MarketBeat
"Fri, 26 Sep 2025 11:09:20 GMT",Honeywell International Inc. $HON Shares Bought by Vision Capital Management Inc. - MarketBeat,MarketBeat
"Thu, 25 Sep 2025 14:00:02 GMT",How (HON) Movements Inform Risk Allocation Models - news.stocktradersdaily.com,news.stocktradersdaily.com
"Fri, 26 Sep 2025 10:18:42 GMT","The death of University Chancellor, The Rt Hon Lord Campbell of Pittenweem - University of St Andrews",University of St Andrews
"Sun, 28 Sep 2025 23:18:11 GMT","TWSE Foreign Holding Weekly (Sep 26th): MediaTek, Hon Hai Precision, TSMC, Wistron, Quanta Computer - Smartkarma",Smartkarma
"Thu, 25 Sep 2025 18:34:02 GMT",Hon Tre Island‚Äôs Booming Tourism Just Got More Exciting. A ‚ÄòChocolate‚Äô Gecko Species Has Been Discovered. Here‚Äôs Why You Need to See It - Travel And Tour World,Travel And Tour World
"Thu, 25 Sep 2025 08:40:00 GMT","1,241 Shares in Honeywell International Inc. $HON Purchased by BCS Wealth Management - MarketBeat",MarketBeat
"Fri, 26 Sep 2025 00:57:44 GMT","WTA Beijing Hon P. - Ostapenko J. üß† Form & Context Jelena Ostapenko (üá±üáª #24) üé¢ Peak‚Äìvalley season: started 2025 on fire vs elites (Doha F; Stuttgart title d. ≈öwiƒÖtek & Sabalenka) but lately 5 losses in 7 vs outside Top-50 (incl. Townsend at USO, Stakusic in - X",X
"Mon, 29 Sep 2025 11:09:52 GMT",Only 60 of 263 TRRC Recommendations Implemented- Hon. Ceesay - Voice Gambia,Voice Gambia
"Tue, 30 Sep 2025 00:21:56 GMT",Hon‚Äôble Speaker Ratan Chakraborty Inaugurates Five Day Inservice Teacher‚Äôs & HMS Training Under NISHTHA 3.0. - TRIPURA STAR NEWS,TRIPURA STAR NEWS
"Sat, 27 Sep 2025 10:01:54 GMT","Belinda Bencic vs. Priscilla Hon prediction, odds, picks for WTA China Open 2025 - dimers.com",dimers.com
"Thu, 25 Sep 2025 09:06:58 GMT",Hon Hai Adjusts Share Exchange Date with TECO to Boost AI Data Center Strategy - TipRanks,TipRanks
"Fri, 26 Sep 2025 22:50:32 GMT",Beijing Brilliance: Priscilla Hon builds on China Open success - Tennis Australia,Tennis Australia
"Thu, 25 Sep 2025 09:40:07 GMT","Harrell Investment Partners LLC Acquires Shares of 1,270 Honeywell International Inc. $HON - MarketBeat",MarketBeat
"Thu, 25 Sep 2025 09:40:06 GMT",Spectrum Planning & Advisory Services Inc. Makes New Investment in Honeywell International Inc. $HON - MarketBeat,MarketBeat
"Mon, 29 Sep 2025 15:15:29 GMT","ADDRESS BY THE HON‚ÄôBLE PRESIDENT OF INDIA SMT. DROUPADI MURMU ON THE OCCASION OF CALL ON BY THE PROBATIONERS OF INDIAN STATISTICAL SERVICE, INDIAN SKILL DEVELOPMENT SERVICE AND CENTRAL ENGINEERING SE - President of India",President of India
"Fri, 26 Sep 2025 15:14:14 GMT","Hon. Sodiq Adewale Omotayo Visits Commissioner of Police, Ogun State - Energy Focus Report",Energy Focus Report
"Sun, 28 Sep 2025 14:39:04 GMT",Ghanaians in St. Louis eagerness to meet Hon Ken unprecedented as he speaks at Webster University - GhanaWeb,GhanaWeb
"Fri, 26 Sep 2025 14:17:25 GMT",Hon the ball again: Aussie earns big win at China Open - The Canberra Times,The Canberra Times
"Thu, 25 Sep 2025 20:56:09 GMT","Minister of Finance, Hon. Marinka J. Gumbs, Introduces Purchase Order Requirements to Improve Vendor Payments. - SMN News",SMN News
"Sat, 27 Sep 2025 08:17:12 GMT",Grand opening of nationwide DSCI Cyber Security Awareness Drive launched by Hon‚Äô IT Minister of Maharashtra - Konexio Network,Konexio Network
"Sun, 28 Sep 2025 04:45:46 GMT",AROYEWUN APPLAUDS HON. JIMI BENSON AS ILEMERE‚ÄìOSHORUN ROAD REHABILITATION BEGINS - igbogbobayekulcda.lg.gov.ng,igbogbobayekulcda.lg.gov.ng
"Fri, 26 Sep 2025 01:10:00 GMT",Senator Hon Malarndirri McCarthy Radio Interview 26 September - Mirage News,Mirage News
"Fri, 26 Sep 2025 07:00:00 GMT","Special Cleanliness Drives ‚ÄúEk Din, Ek Ghanta, Ek Sath‚Äù led by Hon‚Äôble Minister Shri B. L. Verma - PIB",PIB
"Thu, 25 Sep 2025 16:45:10 GMT","Volta Regional Minister Hon. James Gunu Donates Items and GHS5,000 to Ho Trafalgar Children‚Äôs Ward on His Birthday - GhanaWeb",GhanaWeb
"Thu, 25 Sep 2025 16:45:10 GMT","Central Tongu MP Hon. Gabby Commits GHS250,000 to Boost Education in Central Tongu - GhanaWeb",GhanaWeb
"Fri, 26 Sep 2025 11:30:56 GMT","Hon‚Äôble Prime Minister, Shri Narendra Modi Appreciates ICAR-CMFRI‚Äôs Mobile App technology for Fishermen - Indian Council Of Agricultural Research",Indian Council Of Agricultural Research
"Sat, 27 Sep 2025 12:33:00 GMT",Hon‚Äôble Prime Minister flags off Amrit Bharat Express between Brahmapur (Odisha) and Udhna (Gujarat) - PIB,PIB
2025-09-29T16:04:00,Honeywell's Board Approves 5% Increase in Dividend Rate,Yahoo
2025-09-29T00:43:04,"Honeywell International Inc. (HON) Posts Strong Q2 Earnings, Advances Aerospace and Quantum Tech",Yahoo
2025-09-27T16:45:27,UBS Reiterates Its ‚ÄòBuy‚Äô Rating on Honeywell International Inc. (HON) with a $268 Price Target,Yahoo
2025-09-27T15:52:01,A Fresh Look at Honeywell (HON) Valuation After Recent Share Price Cooling,Yahoo
2025-09-27T13:00:17,Honeywell International Inc. (NASDAQ:HON) is favoured by institutional owners who hold 78% of the company,Yahoo
2025-09-26T22:05:00,HONEYWELL TO INCREASE DIVIDEND EFFECTIVE FOURTH QUARTER 2025,Yahoo
2025-09-26T17:18:30,Jim Cramer Says Honeywell is ‚ÄúPart of a Whole Cohort of Industrials That Just Keeps Going Down‚Äù,Yahoo
2025-09-26T16:26:40,Honeywell International Inc. (HON) Raises $600M for Quantum Arm Quantinuum at $10B Valuation,Yahoo
2025-09-25T14:00:00,"HONEYWELL TO RELEASE THIRD QUARTER FINANCIAL RESULTS AND HOLD ITS INVESTOR CONFERENCE CALL ON THURSDAY, OCTOBER 23",Yahoo
2025-09-25T13:00:00,TTTECH‚Äôs TTEthernet End System selected by Honeywell Aerospace for its next-generation Flight Management System (nFMS) for Air Transport Platforms,Yahoo
